local_path,url,hash,participant_id,file_type,size
raw/05.eeg,https://files.de-1.osf.io/v1/resources/hdxvb/providers/osfstorage/59cf3ae2594d9002c47faefd,md5:5c30e88ce15a64f908e81ea4ad75d138,05,,268325120
raw/05.vhdr,https://files.de-1.osf.io/v1/resources/hdxvb/providers/osfstorage/59cf16ec6c613b02968f5acc,md5:8551c4d64f53c239500eb78c063decc1,05,raw_files,11635
raw/05.vmrk,https://files.de-1.osf.io/v1/resources/hdxvb/providers/osfstorage/59cf16ff9ad5a102cb5c38ba,md5:75f0b138b1f9219e21732c1dacbccaf6,05,,391137
cali/05_cali.matrix,https://files.de-1.osf.io/v1/resources/hdxvb/providers/osfstorage/59cf1d3c9ad5a102cc5c4df7,md5:330dc47e0e05d9882a438ae4638a6e8f,05,besa_files,47335
log/5_test.txt,https://files.de-1.osf.io/v1/resources/hdxvb/providers/osfstorage/59cf1bbeb83f6902b3a664a3,md5:1d7a02bfc2322e27617b3317c9f9a919,05,log_files,504978
raw/07.eeg,https://files.de-1.osf.io/v1/resources/hdxvb/providers/osfstorage/59cf467d594d9002c47fb129,md5:264814714af35f2681251d52d6924db2,07,,272064000
raw/07.vhdr,https://files.de-1.osf.io/v1/resources/hdxvb/providers/osfstorage/59cf16ed9ad5a102ce5c83a3,md5:293978391d7729e827ef87c52a057d13,07,raw_files,11774
raw/07.vmrk,https://files.de-1.osf.io/v1/resources/hdxvb/providers/osfstorage/59cf1701b83f6902b1a626ec,md5:6940ca784f2bb871f1c2dfad71d91984,07,,389309
cali/07_cali.matrix,https://files.de-1.osf.io/v1/resources/hdxvb/providers/osfstorage/59cf1d3c6c613b02968f5cca,md5:40224fd852ae80251d1eb1e8c4d26b82,07,besa_files,47302
log/7_test.txt,https://files.de-1.osf.io/v1/resources/hdxvb/providers/osfstorage/59cf1bcd6c613b02958f37c3,md5:cd4c01a586390a4f5d4508681769dada,07,log_files,501162
raw/08.eeg,https://files.de-1.osf.io/v1/resources/hdxvb/providers/osfstorage/59cf46a89ad5a102ce5c93ea,md5:7eb581b819555cfdbea4d27ce448bfd7,08,,248824320
raw/08.vhdr,https://files.de-1.osf.io/v1/resources/hdxvb/providers/osfstorage/59cf17026c613b02968f5ad2,md5:f3c150a37520047ec2350b451606a18c,08,raw_files,11774
raw/08.vmrk,https://files.de-1.osf.io/v1/resources/hdxvb/providers/osfstorage/59cf17129ad5a102ce5c83b2,md5:95ac3d402a8ca2678929c185e4545ddc,08,,389918
cali/08_cali.matrix,https://files.de-1.osf.io/v1/resources/hdxvb/providers/osfstorage/59cf1d3fb83f6902b2a63acb,md5:3936d61643de3adb5c57406496fa9376,08,besa_files,47611
log/8_test.txt,https://files.de-1.osf.io/v1/resources/hdxvb/providers/osfstorage/59cf1bcc594d9002c57fb90f,md5:b38fa7045aaf79f8069fde066194c83a,08,log_files,501162
raw/09.eeg,https://files.de-1.osf.io/v1/resources/hdxvb/providers/osfstorage/59cf46586c613b02968f68d0,md5:294453b8b3f9e426aa49953e5be21cda,09,,246005760
raw/09.vhdr,https://files.de-1.osf.io/v1/resources/hdxvb/providers/osfstorage/59cf17186c613b02978f427e,md5:1910df2cb36fbc5373da2c7ae607dea7,09,raw_files,11774
raw/09.vmrk,https://files.de-1.osf.io/v1/resources/hdxvb/providers/osfstorage/59cf17209ad5a102cd5c5b9b,md5:65caf0211aa3054b5e081ac28838dc3c,09,,389009
cali/09_cali.matrix,https://files.de-1.osf.io/v1/resources/hdxvb/providers/osfstorage/59cf1d40b83f6902b0a6223c,md5:af36707efa1ba6f40e51cc22f87f1bd8,09,besa_files,47536
log/9_test.txt,https://files.de-1.osf.io/v1/resources/hdxvb/providers/osfstorage/59cf1bcf594d9002c57fb913,md5:3cb0fce820de4d9676785f786c9bfe90,09,log_files,505029
raw/12.eeg,https://files.de-1.osf.io/v1/resources/hdxvb/providers/osfstorage/59cf46b4b83f6902b2a64412,md5:24a54d345803c5a8a74f368f4de97dec,12,,240920320
raw/12.vhdr,https://files.de-1.osf.io/v1/resources/hdxvb/providers/osfstorage/59cf1a489ad5a102cd5c5c6b,md5:7c4c1f4b5fafd8ab7451801af245b9fa,12,raw_files,11774
raw/12.vmrk,https://files.de-1.osf.io/v1/resources/hdxvb/providers/osfstorage/59cf1a52594d9002c47fa870,md5:dc507467e03b0b3026f0ef4abff0e68c,12,,389070
cali/12_cali.matrix,https://files.de-1.osf.io/v1/resources/hdxvb/providers/osfstorage/59cf1d43b83f6902b3a66531,md5:521ebfecc783084718d6a95470b4a1cc,12,besa_files,47709
log/12_test.txt,https://files.de-1.osf.io/v1/resources/hdxvb/providers/osfstorage/59cf1bd76c613b02948f3566,md5:dfb2bdd90f0e52da49d725fa86f4cbc8,12,log_files,503073
raw/13.eeg,https://files.de-1.osf.io/v1/resources/hdxvb/providers/osfstorage/59cf46a2594d9002c67ff74f,md5:35385b2896ba3fb1d9befe744832ce5d,13,,256258560
raw/13.vhdr,https://files.de-1.osf.io/v1/resources/hdxvb/providers/osfstorage/59cf08a06c613b02978f3eed,md5:6cbd3efc55e76d3b719e2d2ef817e208,13,raw_files,11774
raw/13.vmrk,https://files.de-1.osf.io/v1/resources/hdxvb/providers/osfstorage/59cf08a8b83f6902b1a62426,md5:eb2fc1cc29975d82fb501302ef5ded10,13,,389814
cali/13_cali.matrix,https://files.de-1.osf.io/v1/resources/hdxvb/providers/osfstorage/59cf1d44594d9002c47fa930,md5:fe716a2ed1671a1ef16a71200b6606e2,13,besa_files,47595
log/13_test.txt,https://files.de-1.osf.io/v1/resources/hdxvb/providers/osfstorage/59cf1bd56c613b02968f5c2f,md5:25dd0a2555ce5219db8d140c96f658d1,13,log_files,506929
raw/14.eeg,https://files.de-1.osf.io/v1/resources/hdxvb/providers/osfstorage/59cf48d86c613b02958f426b,md5:cfc098f748e76bc5751d0d6cd8ed93fa,14,,234369280
raw/14.vhdr,https://files.de-1.osf.io/v1/resources/hdxvb/providers/osfstorage/59cf56dfb83f6902b3a67936,md5:aa3828eaffba4bfc43978bce6c86ff88,14,raw_files,11774
raw/14.vmrk,https://files.de-1.osf.io/v1/resources/hdxvb/providers/osfstorage/59cf56f5594d9002c67ffc5b,md5:c5b15af644fc2a01817f005ff89a8700,14,,388482
cali/14_cali.matrix,https://files.de-1.osf.io/v1/resources/hdxvb/providers/osfstorage/59cf1d46b83f6902b3a66534,md5:25f4372b3f2e509a7399476c61221957,14,besa_files,47407
log/14_test.txt,https://files.de-1.osf.io/v1/resources/hdxvb/providers/osfstorage/59cf1bd66c613b02968f5c32,md5:5d6d89761ed2813c2ec711d2b15572bf,14,log_files,506905
raw/16.eeg,https://files.de-1.osf.io/v1/resources/hdxvb/providers/osfstorage/59cf48f4b83f6902b2a64496,md5:e6210bde8fec7144d749d36771edfb5e,16,,239178240
raw/16.vhdr,https://files.de-1.osf.io/v1/resources/hdxvb/providers/osfstorage/59cf56e06c613b02968f6d1a,md5:0f606cb8ff12782a90e288653ac7d075,16,raw_files,11774
raw/16.vmrk,https://files.de-1.osf.io/v1/resources/hdxvb/providers/osfstorage/59cf56f89ad5a102cd5c6b29,md5:eba124228ae4df5f42e583bd78233f4e,16,,389448
cali/16_cali.matrix,https://files.de-1.osf.io/v1/resources/hdxvb/providers/osfstorage/59cf1d466c613b02978f4426,md5:91d4a0ed5b6c499c8c15de7e53a344ac,16,besa_files,48124
log/16_test.txt,https://files.de-1.osf.io/v1/resources/hdxvb/providers/osfstorage/59cf1bd76c613b02958f37ca,md5:54d82ddf16f7eafb2abb3572241c28ae,16,log_files,503068
raw/17.eeg,https://files.de-1.osf.io/v1/resources/hdxvb/providers/osfstorage/59cf4894b83f6902b3a67498,md5:467b7c036db7fcd7e1e1c43882fab468,17,,249309440
raw/17.vhdr,https://files.de-1.osf.io/v1/resources/hdxvb/providers/osfstorage/59cf56e0b83f6902b0a62ce5,md5:0954951c5a8aff131c4e1c7b11c51614,17,raw_files,11774
raw/17.vmrk,https://files.de-1.osf.io/v1/resources/hdxvb/providers/osfstorage/59cf56f66c613b02948f4267,md5:a7406ae7a8335bcd7bc965eb383e2da5,17,,390163
cali/17_cali.matrix,https://files.de-1.osf.io/v1/resources/hdxvb/providers/osfstorage/59cf1d46594d9002c37fa093,md5:61bf3ec4d3eb6a7174545f2a9f222e14,17,besa_files,47801
log/17_test.txt,https://files.de-1.osf.io/v1/resources/hdxvb/providers/osfstorage/59cf1be9b83f6902b2a63a67,md5:4a0180dfa417d63afd573fd6d65355a8,17,log_files,506906
raw/18.eeg,https://files.de-1.osf.io/v1/resources/hdxvb/providers/osfstorage/59cf48ba6c613b02948f3f23,md5:cd96049bbc799ba3e28793f622935b2c,18,,228142080
raw/18.vhdr,https://files.de-1.osf.io/v1/resources/hdxvb/providers/osfstorage/59cf56e29ad5a102cc5c59ac,md5:13490420b759f1b051ca4f83e7afef9b,18,raw_files,11774
raw/18.vmrk,https://files.de-1.osf.io/v1/resources/hdxvb/providers/osfstorage/59cf56f8594d9002c47fb46a,md5:efeae4c507a395cb187ba346a1a14471,18,,396154
cali/18_cali.matrix,https://files.de-1.osf.io/v1/resources/hdxvb/providers/osfstorage/59cf1d489ad5a102cd5c5d49,md5:aa655d8d7ae25cdd954b10d01d69e646,18,besa_files,47958
log/18_test.txt,https://files.de-1.osf.io/v1/resources/hdxvb/providers/osfstorage/59cf1be7b83f6902b0a621f3,md5:b6abedf16e0b7d364f8d6eefe9555019,18,log_files,506904
raw/19.eeg,https://files.de-1.osf.io/v1/resources/hdxvb/providers/osfstorage/59cf4918b83f6902b0a62aa0,md5:0ab014f506e02a423003c0d225947f14,19,,285811200
raw/19.vhdr,https://files.de-1.osf.io/v1/resources/hdxvb/providers/osfstorage/59cf56e2b83f6902b2a647a3,md5:eed7e8febe6d3b48b11a077bc913f963,19,raw_files,11774
raw/19.vmrk,https://files.de-1.osf.io/v1/resources/hdxvb/providers/osfstorage/59cf56f96c613b02968f6d38,md5:02d5b5b1c08920f0c3378afc691cd784,19,,391941
cali/19_cali.matrix,https://files.de-1.osf.io/v1/resources/hdxvb/providers/osfstorage/59cf1d4ab83f6902b3a6653b,md5:02dc9b5c58e4e8a4f8006504e698d90e,19,besa_files,47911
log/19_test.txt,https://files.de-1.osf.io/v1/resources/hdxvb/providers/osfstorage/59cf1be76c613b02948f3575,md5:4ba467b2e73d434a8ca0a08b3634b116,19,log_files,503064
raw/20.eeg,https://files.de-1.osf.io/v1/resources/hdxvb/providers/osfstorage/59cf49a06c613b02968f69a8,md5:f0e8ff9bbabbc3fbb5ecaa0121d2cc98,20,,232780800
raw/20.vhdr,https://files.de-1.osf.io/v1/resources/hdxvb/providers/osfstorage/59cf56e29ad5a102cd5c6b12,md5:73054b3c4e170cf4532d4416ebf5d454,20,raw_files,11774
raw/20.vmrk,https://files.de-1.osf.io/v1/resources/hdxvb/providers/osfstorage/59cf56f8b83f6902b3a67979,md5:70910d067d571dea7b135c6f7ac2b670,20,,389884
cali/20_cali.matrix,https://files.de-1.osf.io/v1/resources/hdxvb/providers/osfstorage/59cf1d496c613b02948f35d5,md5:0456d4eef81d993b9830456a3ff7fae9,20,besa_files,47458
log/20_test.txt,https://files.de-1.osf.io/v1/resources/hdxvb/providers/osfstorage/59cf1be9594d9002c67fe88c,md5:ffe619ac39ea0fa7e1b6d462c1ee46e6,20,log_files,503079
raw/21.eeg,https://files.de-1.osf.io/v1/resources/hdxvb/providers/osfstorage/59cf4a059ad5a102cc5c574f,md5:1dc4476cf275c4e99863000a69c4db19,21,,233470720
raw/21.vhdr,https://files.de-1.osf.io/v1/resources/hdxvb/providers/osfstorage/59cf56e2b83f6902b3a67941,md5:ab37fcc87b87f793081e190d2f299f52,21,raw_files,11774
raw/21.vmrk,https://files.de-1.osf.io/v1/resources/hdxvb/providers/osfstorage/59cf56fcb83f6902b0a62cf3,md5:905853f5cc8a639ef52cde90aa263d11,21,,391026
cali/21_cali.matrix,https://files.de-1.osf.io/v1/resources/hdxvb/providers/osfstorage/59cf1d4a594d9002c37fa097,md5:a65537ffca0dc10605badacf1f44578f,21,besa_files,47794
log/21_test.txt,https://files.de-1.osf.io/v1/resources/hdxvb/providers/osfstorage/59cf1be69ad5a102cb5c3997,md5:532e7a6485f0eafb4fd64d1e39d7e7c0,21,log_files,506905
raw/22.eeg,https://files.de-1.osf.io/v1/resources/hdxvb/providers/osfstorage/59cf4a97b83f6902b2a644e6,md5:113789ce32fbf08acb3d5847f0c7598f,22,,262647040
raw/22.vhdr,https://files.de-1.osf.io/v1/resources/hdxvb/providers/osfstorage/59cf56e4b83f6902b3a67945,md5:d4fe398f6ee8402cb51cd9994be862f7,22,raw_files,11774
raw/22.vmrk,https://files.de-1.osf.io/v1/resources/hdxvb/providers/osfstorage/59cf56fc594d9002c57fc71b,md5:4b11713ab8c5d2feca27a1eac3197966,22,,391395
cali/22_cali.matrix,https://files.de-1.osf.io/v1/resources/hdxvb/providers/osfstorage/59cf1d4a6c613b02948f35d8,md5:84fb2e984b6cebefcb1728aae1d3f24c,22,besa_files,47571
log/22_test.txt,https://files.de-1.osf.io/v1/resources/hdxvb/providers/osfstorage/59cf1bf96c613b02948f3582,md5:831d068ed686d0da378758ebbf4b24a2,22,log_files,506918
raw/23.eeg,https://files.de-1.osf.io/v1/resources/hdxvb/providers/osfstorage/59cf4a839ad5a102ce5c951f,md5:54dc62503fb24a164087db11c7930786,23,,252595200
raw/23.vhdr,https://files.de-1.osf.io/v1/resources/hdxvb/providers/osfstorage/59cf56e5594d9002c57fc70d,md5:640475be2ddb7b356baac314d514ca5f,23,raw_files,11774
raw/23.vmrk,https://files.de-1.osf.io/v1/resources/hdxvb/providers/osfstorage/59cf56fb6c613b02978f51a6,md5:55b223fd2772301f99e04d23a8826e0d,23,,386330
cali/23_cali.matrix,https://files.de-1.osf.io/v1/resources/hdxvb/providers/osfstorage/59cf1d4c6c613b02968f5cde,md5:fd888c7217011b0c131ebff7a794ced5,23,besa_files,47698
log/23_test.txt,https://files.de-1.osf.io/v1/resources/hdxvb/providers/osfstorage/59cf1bf76c613b02978f43b6,md5:463f3b964cfaac66a7f028b6a06343f5,23,log_files,502955
raw/24.eeg,https://files.de-1.osf.io/v1/resources/hdxvb/providers/osfstorage/59cf4a6b594d9002c67ff870,md5:57412836093e11db49c19c337975b218,24,,249995520
raw/24.vhdr,https://files.de-1.osf.io/v1/resources/hdxvb/providers/osfstorage/59cf56e5594d9002c67ffc4a,md5:5f23fa39b22ea9c079aaaa150b172ffd,24,raw_files,11774
raw/24.vmrk,https://files.de-1.osf.io/v1/resources/hdxvb/providers/osfstorage/59cf56fb6c613b02948f426a,md5:36954cc5e23be08bb8b40d51d3e85343,24,,389820
cali/24_cali.matrix,https://files.de-1.osf.io/v1/resources/hdxvb/providers/osfstorage/59cf1d506c613b02968f5ce2,md5:b7aeef15329f6c4d9fceeb7249ce9647,24,besa_files,47688
log/24_test.txt,https://files.de-1.osf.io/v1/resources/hdxvb/providers/osfstorage/59cf1bfab83f6902b3a664bd,md5:97b8107d6179d9c33dabfe44a6c1d8e0,24,log_files,503031
raw/25.eeg,https://files.de-1.osf.io/v1/resources/hdxvb/providers/osfstorage/59cf4aa3594d9002c47fb1e1,md5:641ba4b041a3ed0012ac846a0bb0cf88,25,,245283840
raw/25.vhdr,https://files.de-1.osf.io/v1/resources/hdxvb/providers/osfstorage/59cf56e69ad5a102cc5c59b5,md5:a814c72d782aeae63b0e55c27eb46450,25,raw_files,11774
raw/25.vmrk,https://files.de-1.osf.io/v1/resources/hdxvb/providers/osfstorage/59cf56ff6c613b02968f6d42,md5:27b65a888f7ec90b9d003a03eaa05732,25,,389454
cali/25_cali.matrix,https://files.de-1.osf.io/v1/resources/hdxvb/providers/osfstorage/59cf1d54b83f6902b1a62887,md5:2aee4340bd0abdab35eec6c0efb41c3e,25,besa_files,47879
log/25_test.txt,https://files.de-1.osf.io/v1/resources/hdxvb/providers/osfstorage/59cf1bfd6c613b02948f3589,md5:a14c48f17eb6aa017bb1ffe530f933d6,25,log_files,506907
raw/26.eeg,https://files.de-1.osf.io/v1/resources/hdxvb/providers/osfstorage/59cf4c95594d9002c37faa86,md5:8a5c7cd8cb2dbbcb39bbad29ea7ba928,26,,235558400
raw/26.vhdr,https://files.de-1.osf.io/v1/resources/hdxvb/providers/osfstorage/59cf56e66c613b02948f425c,md5:f1fef39fddb761f995d7169882e0b8d2,26,raw_files,11774
raw/26.vmrk,https://files.de-1.osf.io/v1/resources/hdxvb/providers/osfstorage/59cf56fe9ad5a102cc5c59c4,md5:91068b0b069d52b32d4ecfa1c56773a6,26,,388122
cali/26_cali.matrix,https://files.de-1.osf.io/v1/resources/hdxvb/providers/osfstorage/59cf1d54594d9002c67fe92a,md5:2b4e66bda0455a5c49a616a9cc717366,26,besa_files,47540
log/26_test.txt,https://files.de-1.osf.io/v1/resources/hdxvb/providers/osfstorage/59cf1bfa6c613b02968f5c40,md5:a47d9dcca8df4cacb21caf85bc851b01,26,log_files,506790
raw/27.eeg,https://files.de-1.osf.io/v1/resources/hdxvb/providers/osfstorage/59cf4c8d6c613b02978f4f33,md5:537393d12790b45cbedeeaf189d84118,27,,247159040
raw/27.vhdr,https://files.de-1.osf.io/v1/resources/hdxvb/providers/osfstorage/59cf56e7b83f6902b2a647a7,md5:1da287fcf22e8e99975e1a4e1c0bccea,27,raw_files,11774
raw/27.vmrk,https://files.de-1.osf.io/v1/resources/hdxvb/providers/osfstorage/59cf56ffb83f6902b3a6798b,md5:fe4b984ceeef8be7e8401652cb7c872b,27,,389379
cali/27_cali.matrix,https://files.de-1.osf.io/v1/resources/hdxvb/providers/osfstorage/59cf1d539ad5a102ce5c860c,md5:3d65e0024094a5b708c2755e7ff3575e,27,besa_files,47629
log/27_test.txt,https://files.de-1.osf.io/v1/resources/hdxvb/providers/osfstorage/59cf1c079ad5a102cb5c39a1,md5:4515d97965cd4cfc025cfddb3415dfce,27,log_files,503105
raw/28.eeg,https://files.de-1.osf.io/v1/resources/hdxvb/providers/osfstorage/59cf4ca0b83f6902b1a631bc,md5:e38b6dee5a3a78ce3845f474138d7116,28,,257712640
raw/28.vhdr,https://files.de-1.osf.io/v1/resources/hdxvb/providers/osfstorage/59cf56eb594d9002c57fc710,md5:78cf33c816cab2e2da3b5ce7a4c4c62f,28,raw_files,11774
raw/28.vmrk,https://files.de-1.osf.io/v1/resources/hdxvb/providers/osfstorage/59cf5702b83f6902b1a633be,md5:67178dc22ffadecb0f7885eed235dacf,28,,390937
cali/28_cali.matrix,https://files.de-1.osf.io/v1/resources/hdxvb/providers/osfstorage/59cf1d549ad5a102ce5c860f,md5:e1f631082684aea8e44458ee03f3f7d5,28,besa_files,47674
log/28_test.txt,https://files.de-1.osf.io/v1/resources/hdxvb/providers/osfstorage/59cf1c07b83f6902b3a664c8,md5:434a044e1775b0e23eff8b14b9ff06df,28,log_files,503120
raw/29.eeg,https://files.de-1.osf.io/v1/resources/hdxvb/providers/osfstorage/59cf4c8e594d9002c47fb23c,md5:f920ac35796e74dab4bdb87cf400d96f,29,,248382720
raw/29.vhdr,https://files.de-1.osf.io/v1/resources/hdxvb/providers/osfstorage/59cf56ec9ad5a102cb5c43f7,md5:d4dbe5f4752d0c141df3d6cfabea07ff,29,raw_files,11774
raw/29.vmrk,https://files.de-1.osf.io/v1/resources/hdxvb/providers/osfstorage/59cf5700594d9002c67ffc68,md5:ab25fa3d46313c46964a180b451d4f29,29,,388634
cali/29_cali.matrix,https://files.de-1.osf.io/v1/resources/hdxvb/providers/osfstorage/59cf1d54594d9002c67fe927,md5:974c4cb37dfbff4db2a500e759561799,29,besa_files,47768
log/29_test.txt,https://files.de-1.osf.io/v1/resources/hdxvb/providers/osfstorage/59cf1c076c613b02968f5c4c,md5:4937289dad17903aff89eae2c22f1ad5,29,log_files,506896
raw/30.eeg,https://files.de-1.osf.io/v1/resources/hdxvb/providers/osfstorage/59cf4ce9594d9002c57fc4c2,md5:c90e2f9d5bc64e874c6e3b2be2f78796,30,,291279360
raw/30.vhdr,https://files.de-1.osf.io/v1/resources/hdxvb/providers/osfstorage/59cf56ed6c613b02968f6d29,md5:0f787dde9ee997140a0249d825effb19,30,raw_files,11774
raw/30.vmrk,https://files.de-1.osf.io/v1/resources/hdxvb/providers/osfstorage/59cf5700b83f6902b3a67990,md5:8788607d18010603417a367cfb9fedc5,30,,390019
cali/30_cali.matrix,https://files.de-1.osf.io/v1/resources/hdxvb/providers/osfstorage/59cf1d566c613b02948f35dd,md5:bdcd278dfc146f2e891c458623269ad3,30,besa_files,47598
log/30_test.txt,https://files.de-1.osf.io/v1/resources/hdxvb/providers/osfstorage/59cf1c08b83f6902b1a62821,md5:31d7aa39d9c4f113bd9db9a176eb6ddf,30,log_files,506950
raw/31.eeg,https://files.de-1.osf.io/v1/resources/hdxvb/providers/osfstorage/59cf4fb29ad5a102ce5c96c6,md5:829ce23b46ab13fd128d742c968a8b18,31,,262684160
raw/31.vhdr,https://files.de-1.osf.io/v1/resources/hdxvb/providers/osfstorage/59cf56dab83f6902b0a62cd9,md5:20a184cd7a79ddd8330e6f35da7ffc04,31,raw_files,11635
raw/31.vmrk,https://files.de-1.osf.io/v1/resources/hdxvb/providers/osfstorage/59cf5701594d9002c67ffc6b,md5:34b39adc58c1774895f4c3230f95e45a,31,,390140
cali/31_cali.matrix,https://files.de-1.osf.io/v1/resources/hdxvb/providers/osfstorage/59cf1d599ad5a102cc5c4e07,md5:7c90424ca54e7293b9f3acdb3946f138,31,besa_files,47379
log/31_test.txt,https://files.de-1.osf.io/v1/resources/hdxvb/providers/osfstorage/59cf1c07594d9002c57fb932,md5:6185fad458b61baccd4fce28976624b4,31,log_files,503135
raw/32.eeg,https://files.de-1.osf.io/v1/resources/hdxvb/providers/osfstorage/59cf4fa46c613b02968f6b33,md5:2add57f74cbb1ffd329d025299736e9c,32,,247575040
raw/32.vhdr,https://files.de-1.osf.io/v1/resources/hdxvb/providers/osfstorage/59cf56db594d9002c47fb452,md5:03ba99eb1c3d637a663bf0d5baa5c6a7,32,raw_files,11774
raw/32.vmrk,https://files.de-1.osf.io/v1/resources/hdxvb/providers/osfstorage/59cf57026c613b02948f426f,md5:9d63fb79bcef6621d859febdd3ddec7e,32,,388911
cali/32_cali.matrix,https://files.de-1.osf.io/v1/resources/hdxvb/providers/osfstorage/59cf1d59b83f6902b1a6288a,md5:4a4e2acc259bf58c3b5ca30671720b6c,32,besa_files,47613
log/32_test.txt,https://files.de-1.osf.io/v1/resources/hdxvb/providers/osfstorage/59cf1c1d9ad5a102ce5c8587,md5:b68fde26a062c89b6b367f7b16799353,32,log_files,503066
raw/33.eeg,https://files.de-1.osf.io/v1/resources/hdxvb/providers/osfstorage/59cf4f92b83f6902b3a676a6,md5:e00e2b421547ef08ccebe81b682a2cde,33,,235572480
raw/33.vhdr,https://files.de-1.osf.io/v1/resources/hdxvb/providers/osfstorage/59cf56da6c613b02978f5192,md5:f583ecff5b3e436c17180846fc01149c,33,raw_files,11774
raw/33.vmrk,https://files.de-1.osf.io/v1/resources/hdxvb/providers/osfstorage/59cf56ed594d9002c67ffc55,md5:b63ffd1ad4e3cfb02eaaf8c80957f452,33,,389186
cali/33_cali.matrix,https://files.de-1.osf.io/v1/resources/hdxvb/providers/osfstorage/59cf1d5a594d9002c57fb999,md5:bae9d3943d9c85b189e3b12a2f9c475d,33,besa_files,47393
log/33_test.txt,https://files.de-1.osf.io/v1/resources/hdxvb/providers/osfstorage/59cf1c1d9ad5a102cd5c5cf3,md5:eccbc62f65217103af618199e0b0b874,33,log_files,506904
raw/34.eeg,https://files.de-1.osf.io/v1/resources/hdxvb/providers/osfstorage/59cf4f9f9ad5a102cb5c42a5,md5:4bc1f4d3ab4d1b92fe2aff4a73e49b45,34,,261277440
raw/34.vhdr,https://files.de-1.osf.io/v1/resources/hdxvb/providers/osfstorage/59cf56d96c613b02978f518e,md5:4b09dfad5af6acbc52f914f09d890154,34,raw_files,11774
raw/34.vmrk,https://files.de-1.osf.io/v1/resources/hdxvb/providers/osfstorage/59cf56ec6c613b02968f6d26,md5:36b5bd5038743a0b614c8987dbae4828,34,,391704
cali/34_cali.matrix,https://files.de-1.osf.io/v1/resources/hdxvb/providers/osfstorage/59cf1d5a6c613b02978f442f,md5:fcb5211a3344b9801caf0a5c2e549f09,34,besa_files,47433
log/34_test.txt,https://files.de-1.osf.io/v1/resources/hdxvb/providers/osfstorage/59cf1c1d9ad5a102cc5c4da7,md5:10c0b4d5adbc4051754a29523fa78692,34,log_files,506861
raw/35.eeg,https://files.de-1.osf.io/v1/resources/hdxvb/providers/osfstorage/59cf4f56594d9002c67ff9da,md5:56f81c061e501d61b5565d81e91c0aa0,35,,240788480
raw/35.vhdr,https://files.de-1.osf.io/v1/resources/hdxvb/providers/osfstorage/59cf56da9ad5a102cd5c6b0c,md5:20ae499a011e995570488a4ba9f43ae9,35,raw_files,11774
raw/35.vmrk,https://files.de-1.osf.io/v1/resources/hdxvb/providers/osfstorage/59cf56f4b83f6902b3a67969,md5:c8f036b793a160b04bd116b1868b489d,35,,389908
cali/35_cali.matrix,https://files.de-1.osf.io/v1/resources/hdxvb/providers/osfstorage/59cf1d5ab83f6902b1a6288d,md5:5350382f4003eb4c842af8406fde8c30,35,besa_files,47645
log/35_test.txt,https://files.de-1.osf.io/v1/resources/hdxvb/providers/osfstorage/59cf1c1d9ad5a102cc5c4da4,md5:8fca5f050af416e194f5039928bc4f7a,35,log_files,503085
raw/36.eeg,https://files.de-1.osf.io/v1/resources/hdxvb/providers/osfstorage/59cf51acb83f6902b3a6776d,md5:e2f442754acc032f452caa0a837d070c,36,,247325440
raw/36.vhdr,https://files.de-1.osf.io/v1/resources/hdxvb/providers/osfstorage/59cf56dc9ad5a102ce5c9911,md5:4cf34582f4bf35b822977122a3d9043c,36,raw_files,11774
raw/36.vmrk,https://files.de-1.osf.io/v1/resources/hdxvb/providers/osfstorage/59cf56f26c613b02978f519e,md5:bed4f7af23ffacd4c2c0807ee8253983,36,,388568
cali/36_cali.matrix,https://files.de-1.osf.io/v1/resources/hdxvb/providers/osfstorage/59cf1d5e6c613b02978f4433,md5:764d882b651ce04ce63bf843aee066f4,36,besa_files,48185
log/36_test.txt,https://files.de-1.osf.io/v1/resources/hdxvb/providers/osfstorage/59cf1c1c594d9002c67fe8ad,md5:0212e9207800b2a2c0a1ba6b88a5c1d2,36,log_files,503080
raw/37.eeg,https://files.de-1.osf.io/v1/resources/hdxvb/providers/osfstorage/59cf51de6c613b02948f411e,md5:4a6ea3820eb56db85488e2e5a7b39871,37,,256417280
raw/37.vhdr,https://files.de-1.osf.io/v1/resources/hdxvb/providers/osfstorage/59cf56de594d9002c37fac7e,md5:e91fabedf61b416ce607a0fa65061d6e,37,raw_files,11774
raw/37.vmrk,https://files.de-1.osf.io/v1/resources/hdxvb/providers/osfstorage/59cf56f1b83f6902b0a62cee,md5:f7b9faf8ab3a5b5f6a7d582ed353d8cb,37,,391342
cali/37_cali.matrix,https://files.de-1.osf.io/v1/resources/hdxvb/providers/osfstorage/59cf1d5e594d9002c57fb9a0,md5:86f9cf25a52b29ad3138ecf72c8cbb53,37,besa_files,47586
log/37_test.txt,https://files.de-1.osf.io/v1/resources/hdxvb/providers/osfstorage/59cf1c306c613b02948f3594,md5:2b2e0ed461cd2c7332a07377ac776a02,37,log_files,506912
raw/38.eeg,https://files.de-1.osf.io/v1/resources/hdxvb/providers/osfstorage/59cf51ac594d9002c37fab5b,md5:34a37beda71e07d88fe528cd353d653c,38,,230406400
raw/38.vhdr,https://files.de-1.osf.io/v1/resources/hdxvb/providers/osfstorage/59cf56dc6c613b02948f424c,md5:b2200fc01730cb253a5c56a815b1bf4b,38,raw_files,11774
raw/38.vmrk,https://files.de-1.osf.io/v1/resources/hdxvb/providers/osfstorage/59cf56f36c613b02978f51a2,md5:abd41fa26321229481be5f48a015d184,38,,389068
cali/38_cali.matrix,https://files.de-1.osf.io/v1/resources/hdxvb/providers/osfstorage/59cf1d5f6c613b02978f443c,md5:c9f7ac0df079f1dcaf693f16e0c750f2,38,besa_files,47657
log/38_test.txt,https://files.de-1.osf.io/v1/resources/hdxvb/providers/osfstorage/59cf1c31594d9002c57fb943,md5:942df1dc886b525fee260c4d1bc08fe4,38,log_files,506899
raw/39.eeg,https://files.de-1.osf.io/v1/resources/hdxvb/providers/osfstorage/59cf52166c613b02978f507c,md5:9df4886fbb9be085ae223f99d9c925cb,39,,253369600
raw/39.vhdr,https://files.de-1.osf.io/v1/resources/hdxvb/providers/osfstorage/59cf56deb83f6902b0a62ce1,md5:a267c25bf21bd04bf4ca45fad65c67f6,39,raw_files,11774
raw/39.vmrk,https://files.de-1.osf.io/v1/resources/hdxvb/providers/osfstorage/59cf56f39ad5a102cd5c6b20,md5:2215a398d45ed4ab122297dfc492f1f7,39,,390121
cali/39_cali.matrix,https://files.de-1.osf.io/v1/resources/hdxvb/providers/osfstorage/59cf1d5e9ad5a102cb5c3a00,md5:1ead9acab2439d116a4b7ce2fc4d21cf,39,besa_files,47640
log/39_test.txt,https://files.de-1.osf.io/v1/resources/hdxvb/providers/osfstorage/59cf1c329ad5a102cd5c5cfa,md5:83bd51b398871c541e01fedba8b57483,39,log_files,503076
raw/40.eeg,https://files.de-1.osf.io/v1/resources/hdxvb/providers/osfstorage/59cf51beb83f6902b3a67777,md5:f53ecbf7a1c71359aed6d2840269b2d1,40,,244153600
raw/40.vhdr,https://files.de-1.osf.io/v1/resources/hdxvb/providers/osfstorage/59cf56deb83f6902b3a6792f,md5:6437171b179caf6679d019c2362815f4,40,raw_files,11635
raw/40.vmrk,https://files.de-1.osf.io/v1/resources/hdxvb/providers/osfstorage/59cf56f3594d9002c47fb467,md5:29f61a0f835d54da85d78dc3776024cb,40,,389408
cali/40_cali.matrix,https://files.de-1.osf.io/v1/resources/hdxvb/providers/osfstorage/59cf1d5f6c613b02948f35e6,md5:08a92e9ce1c39397d80529070d8e2047,40,besa_files,47849
log/40_test.txt,https://files.de-1.osf.io/v1/resources/hdxvb/providers/osfstorage/59cf1c319ad5a102ce5c8599,md5:734f1632bae54ae243c51988f8a1112d,40,log_files,503030
raw/41.eeg,https://files.de-1.osf.io/v1/resources/hdxvb/providers/osfstorage/59cf537c6c613b02968f6c4b,md5:bf3f4f2260239210785a3abb15512445,41,,252418560
raw/41.vhdr,https://files.de-1.osf.io/v1/resources/hdxvb/providers/osfstorage/59cf13e8b83f6902b2a6387b,md5:d05ff8479106f6f0608587a590c81e24,41,raw_files,11774
raw/41.vmrk,https://files.de-1.osf.io/v1/resources/hdxvb/providers/osfstorage/59cf13ef6c613b02968f5a04,md5:74d651278b2e0521decba01805e425df,41,,388889
cali/41_cali.matrix,https://files.de-1.osf.io/v1/resources/hdxvb/providers/osfstorage/59cf1d62594d9002c37fa0a9,md5:0c5ac59d28273fb8be5bd18e5747bda0,41,besa_files,47744
log/41_test.txt,https://files.de-1.osf.io/v1/resources/hdxvb/providers/osfstorage/59cf1c32b83f6902b3a664df,md5:9b7943b5a91ab87757792ee23c065498,41,log_files,506900
raw/42.eeg,https://files.de-1.osf.io/v1/resources/hdxvb/providers/osfstorage/59cf53a06c613b02948f417c,md5:6a60a272e6ba4b0c739b2176e05b92ee,42,,241088000
raw/42.vhdr,https://files.de-1.osf.io/v1/resources/hdxvb/providers/osfstorage/59cf13deb83f6902b1a62640,md5:b84ff379d0a352f776bcc1bfd210d4d8,42,raw_files,11774
raw/42.vmrk,https://files.de-1.osf.io/v1/resources/hdxvb/providers/osfstorage/59cf13e49ad5a102ce5c827c,md5:fdff06c66b7f6cb2745edd6efda2488e,42,,389918
cali/42_cali.matrix,https://files.de-1.osf.io/v1/resources/hdxvb/providers/osfstorage/59cf1d639ad5a102cc5c4e0e,md5:2a69cfcef85e1fa3881be417c59edbc0,42,besa_files,47398
log/42_test.txt,https://files.de-1.osf.io/v1/resources/hdxvb/providers/osfstorage/59cf1c459ad5a102cd5c5d02,md5:25c9945d954fe3c2df7a7f50d69092bd,42,log_files,506842
raw/43.eeg,https://files.de-1.osf.io/v1/resources/hdxvb/providers/osfstorage/59cf53a86c613b02958f4488,md5:566e7858f4df37d58d28037388bd587d,43,,254544640
raw/43.vhdr,https://files.de-1.osf.io/v1/resources/hdxvb/providers/osfstorage/59cf13c29ad5a102ce5c826c,md5:74eabfaeb448199929ca0257550bfe54,43,raw_files,11774
raw/43.vmrk,https://files.de-1.osf.io/v1/resources/hdxvb/providers/osfstorage/59cf13d79ad5a102ce5c8275,md5:ea47a112dbcfab492585e7767948f014,43,,391143
cali/43_cali.matrix,https://files.de-1.osf.io/v1/resources/hdxvb/providers/osfstorage/59cf1d636c613b02958f3831,md5:6ff038f6edb7fa81b6d2dadefd559eba,43,besa_files,47957
log/43_test.txt,https://files.de-1.osf.io/v1/resources/hdxvb/providers/osfstorage/59cf1c45b83f6902b3a664e4,md5:c312f4bb8bc585262c87c9095a3f63fd,43,log_files,503160
raw/44.eeg,https://files.de-1.osf.io/v1/resources/hdxvb/providers/osfstorage/59cf53ac594d9002c57fc64c,md5:d2379ebb69d9bf03562baaff98f2446b,44,,226494720
raw/44.vhdr,https://files.de-1.osf.io/v1/resources/hdxvb/providers/osfstorage/59cf13bd6c613b02978f4173,md5:6ca95518cb0fed5ce5023f9cb72cf555,44,raw_files,11774
raw/44.vmrk,https://files.de-1.osf.io/v1/resources/hdxvb/providers/osfstorage/59cf13d86c613b02978f417d,md5:f61ae8e23fdc0494fa561be923bf130b,44,,388600
cali/44_cali.matrix,https://files.de-1.osf.io/v1/resources/hdxvb/providers/osfstorage/59cf1d639ad5a102cc5c4e12,md5:d0b20bd8b89992eaf9cc4e73a982ca32,44,besa_files,48069
log/44_test.txt,https://files.de-1.osf.io/v1/resources/hdxvb/providers/osfstorage/59cf1c466c613b02968f5c6c,md5:53cddf2623d2bfb03fcae75f73c0c5c1,44,log_files,503058
raw/46.eeg,https://files.de-1.osf.io/v1/resources/hdxvb/providers/osfstorage/59cf53909ad5a102cd5c6a50,md5:dde6f58c99aee9fe4857e16e72b4b23b,46,,224920320
raw/46.vhdr,https://files.de-1.osf.io/v1/resources/hdxvb/providers/osfstorage/59cf0e12b83f6902b2a63726,md5:5787adebb26c624a947e0027d80754b9,46,raw_files,11774
raw/46.vmrk,https://files.de-1.osf.io/v1/resources/hdxvb/providers/osfstorage/59cf0e1e9ad5a102ce5c808e,md5:03d6446bcab148fd30611f5508fbc77b,46,,389971
cali/46_cali.matrix,https://files.de-1.osf.io/v1/resources/hdxvb/providers/osfstorage/59cf1d646c613b02978f4443,md5:5944eb5955b28a291f258cd098c55d6f,46,besa_files,47736
log/46_test.txt,https://files.de-1.osf.io/v1/resources/hdxvb/providers/osfstorage/59cf1c466c613b02958f37ef,md5:4501718598edf8448226e5a91b7e32e5,46,log_files,506891
raw/47.eeg,https://files.de-1.osf.io/v1/resources/hdxvb/providers/osfstorage/59cf5689594d9002c67ffc1b,md5:7a4f34c38932b748c5ec982ed1ae42c1,47,,267520000
raw/47.vhdr,https://files.de-1.osf.io/v1/resources/hdxvb/providers/osfstorage/59cf0889b83f6902b2a63609,md5:871c26bbe195fc797c4343cfbbc845eb,47,raw_files,11774
raw/47.vmrk,https://files.de-1.osf.io/v1/resources/hdxvb/providers/osfstorage/59cf08979ad5a102ce5c7ed1,md5:62a9633c19fc35fccf0ff1843e7bfdf9,47,,390177
cali/47_cali.matrix,https://files.de-1.osf.io/v1/resources/hdxvb/providers/osfstorage/59cf1d699ad5a102cd5c5d5f,md5:d485eaa980e4d039d5fad75f8d4d604a,47,besa_files,47757
log/47_test.txt,https://files.de-1.osf.io/v1/resources/hdxvb/providers/osfstorage/59cf1c47b83f6902b2a63a88,md5:b8d742098e07312c103d0f48ecd94b9b,47,log_files,503120
raw/50.eeg,https://files.de-1.osf.io/v1/resources/hdxvb/providers/osfstorage/59cf5520594d9002c37fac1f,md5:ad75ff138d22536e5865717eafea179c,50,,246759680
raw/50.vhdr,https://files.de-1.osf.io/v1/resources/hdxvb/providers/osfstorage/59cf08746c613b02948f3136,md5:4f33b1d928e414040a4e8aa2279777ba,50,raw_files,11774
raw/50.vmrk,https://files.de-1.osf.io/v1/resources/hdxvb/providers/osfstorage/59cf08869ad5a102cb5c3657,md5:755640eebd85db6ca6d61202fa9b0e1b,50,,391006
cali/50_cali.matrix,https://files.de-1.osf.io/v1/resources/hdxvb/providers/osfstorage/59cf1d69594d9002c37fa0b0,md5:c9087ad5f7ee399c8f77f774c4490809,50,besa_files,47726
log/50_test.txt,https://files.de-1.osf.io/v1/resources/hdxvb/providers/osfstorage/59cf1c519ad5a102ce5c85a4,md5:db2234d11ed3b7b5ad6b99457457577c,50,log_files,506897
raw/51.eeg,https://files.de-1.osf.io/v1/resources/hdxvb/providers/osfstorage/59cf5579594d9002c67ffbcd,md5:108eb489d2f4d790b97c3e3df486edfa,51,,271640320
raw/51.vhdr,https://files.de-1.osf.io/v1/resources/hdxvb/providers/osfstorage/59cf0870b83f6902b2a63600,md5:662dd97b2efb04b1e791de5a00607c93,51,raw_files,11774
raw/51.vmrk,https://files.de-1.osf.io/v1/resources/hdxvb/providers/osfstorage/59cf08859ad5a102ce5c7eca,md5:b9b9a7d8638a09437962f80b3e2be302,51,,389889
cali/51_cali.matrix,https://files.de-1.osf.io/v1/resources/hdxvb/providers/osfstorage/59cf1d68b83f6902b1a62893,md5:39ec9a5a8a4056bf76566a5726f09105,51,besa_files,47785
log/51_test.txt,https://files.de-1.osf.io/v1/resources/hdxvb/providers/osfstorage/59cf1c516c613b02948f359d,md5:d4a49760807125d052c5ed8f683de230,51,log_files,503074
